key,instantiationMoment,lastUpdateMoment,displayPeriodBeginning,displayPeriodEnd,pictureLink,slogan,link
banner-01,2010/01/15 08:00,2010/01/20 12:00,2010/01/18 10:00,2010/01/25 14:00,https://www.example.com/picture-01,Slogan 01,https://www.example.com/link-01
banner-02,2000/01/01 00:00,2000/01/01 00:00,2000/01/01 00:01,2000/01/08 00:01,https://www.example.com/picture-02,Slogan 02,https://www.example.com/link-02
banner-03,2000/01/02 00:00,2000/01/02 00:00,2000/01/02 00:01,2000/01/09 00:01,https://www.example.com/picture-03,Slogan 03,https://www.example.com/link-03
banner-04,2022/07/22 00:00,2022/07/22 00:00,2022/07/23 00:00,2022/07/30 00:00,https://www.example.com/picture-04,Slogan 04,https://www.example.com/link-04
banner-05,2022/07/29 00:00,2010/05/25 12:30,2010/05/23 10:30,2010/05/30 14:30,https://www.example.com/picture-05,Slogan 05,https://www.example.com/link-05
banner-06,2010/06/22 14:00,2000/01/01 00:00,2010/06/27 16:00,2010/07/04 20:00,https://www.google.com/upTo254--------------------------------------------------------------------------------------------------------------------------------------------------------------------------------------------------------------------------------,Slogan 06,https://www.example.com/link-06
banner-07,2010/07/07 19:45,2000/01/02 00:00,2010/07/12 21:45,2010/07/19 01:45,https://www.google.com/upTo255---------------------------------------------------------------------------------------------------------------------------------------------------------------------------------------------------------------------------------,Slogan 07,https://www.example.com/link-07
banner-08,2010/08/03 09:30,2022/07/29 00:00,2010/08/08 11:30,2010/08/15 15:30,https://www.example.com/picture-08,你好,https://www.example.com/link-08
banner-09,2010/09/20 16:15,2010/09/27 20:15,2010/09/25 18:15,2010/10/02 22:15,https://www.example.com/picture-09,"console.log(""hack"")",https://www.example.com/link-09
banner-10,2010/10/15 21:00,2010/10/22 01:00,2010/10/20 23:00,2010/10/27 03:00,https://www.example.com/picture-10,"Lorem ipsum dolor sit amet, consectetuer adipiscing elit. Aenean commodo li",https://www.example.com/link-10
banner-11,2010/01/15 08:00,2010/01/20 12:00,2010/01/18 10:00,2010/01/25 14:00,https://www.example.com/picture-01,Slogan 01,https://www.google.com/upTo254--------------------------------------------------------------------------------------------------------------------------------------------------------------------------------------------------------------------------------
banner-12,2010/01/15 08:00,2010/01/20 12:00,2010/01/18 10:00,2010/01/25 14:00,https://www.example.com/picture-01,Slogan 01,https://www.google.com/upTo255---------------------------------------------------------------------------------------------------------------------------------------------------------------------------------------------------------------------------------
